<?xml version='1.0' encoding='ISO-8859-1'?>
<validator onerror='/action/error/validation/ajax'>
	<parameter id='asi_id_control_acceso' type='varchar' required='true' label='${lbl:b_id_access_control}' maxlen='16'/>
	<parameter id='asi_clase_auxiliar_rf' type='integer' required='true' label='${lbl:b_auxiliary_class}' maxlen='10'/>
	<parameter id='asi_auxiliar_rf' type='integer' required='true' label='${lbl:b_auxiliary}' maxlen='10'/>
	<parameter id='asi_fecha' type='date' required='true' label='${lbl:s_loginhist_col1}' maxlen='10'/>
	<parameter id='asi_estatus_permiso_rf' type='varchar' required='true' label='${lbl:b_requests_permissions}' maxlen='1'/>
	<parameter id='asi_turno_rf' type='integer' required='true' label='${lbl:b_turnos}' maxlen='10'/>
	<parameter id='asi_esquema_rotacion_rf' type='integer' required='true' label='${lbl:b_rotation_scheme}' maxlen='10'/>
	<parameter id='asi_hora_ent_turno1' type='varchar' required='true' label='${lbl:b_hour_in_expected_am}' maxlen='5'/>
	<parameter id='asi_hora_sal_turno1' type='varchar' required='true' label='${lbl:b_hour_out_expected_am}' maxlen='5'/>
	<parameter id='asi_hora_ent_turno2' type='varchar' required='true' label='${lbl:b_hour_in_expected_pm}' maxlen='5'/>
	<parameter id='asi_hora_sal_turno2' type='varchar' required='true' label='${lbl:b_hour_out_expected_pm}' maxlen='5'/>
	<parameter id='asi_horas_trabajadas' type='double' required='true' label='${lbl:b_amount_hours}' maxlen='10'/>
	<parameter id='asi_horas_descansos' type='double' required='true' label='${lbl:b_rest_hours}' maxlen='10'/>
	<parameter id='asi_estatus_asistencia_rf' type='varchar' required='true' label='${lbl:b_status}' maxlen='3'/>
	<parameter id='id' type='integer' required='true' label='${lbl:b_attendance}' maxlen='10'/>


</validator>
