<?xml version='1.0' encoding='ISO-8859-1'?>
<validator id='filter.params' onerror='/action/error/validation/ajax'>
	<parameter id='asi_id_control_acceso' type='varchar' required='false' label='${lbl:b_id_access_control}' maxlen='16'/>
	<custom-validator classname='dinamica.validators.SQLPatternTransformer' parameter='asi_id_control_acceso' rule='like' />
	<parameter id='asi_clase_auxiliar_rf' type='integer' required='false' label='${lbl:b_auxiliary_class}' maxlen='10'/>
	<parameter id='asi_auxiliar_rf' type='integer' required='false' label='${lbl:b_auxiliary}' maxlen='10'/>
	<parameter id='asi_fecha' type='date' required='false' label='${lbl:s_loginhist_col1}' maxlen='10'/>
	<parameter id='asi_estatus_permiso_rf' type='varchar' required='false' label='${lbl:b_requests_permissions}' maxlen='1'/>
	<custom-validator classname='dinamica.validators.SQLPatternTransformer' parameter='asi_estatus_permiso_rf' rule='like' />
	<parameter id='asi_turno_rf' type='integer' required='false' label='${lbl:b_turnos}' maxlen='10'/>
	<parameter id='asi_estatus_asistencia_rf' type='varchar' required='false' label='${lbl:b_status}' maxlen='3'/>
	<custom-validator classname='dinamica.validators.SQLPatternTransformer' parameter='asi_estatus_asistencia_rf' rule='like' />
	<parameter id='asi_fecha_registro_ini' type='date' required='false' label='${lbl:b_store_date}' maxlen='10'/>
	<custom-validator classname='dinamica.validators.DateRangeValidator' on-error-label='[${lbl:b_store_date} mayor o igual que] no puede ser mayor que [${lbl:b_store_date} menor o igual que].' date1='asi_fecha_registro_ini' date2='asi_fecha_registro_fin' id='asi_fecha_registro_ini' />
	<parameter id='asi_fecha_registro_fin' type='date' required='false' label='${lbl:b_store_date}' maxlen='10'/>
</validator>
